customerID,actual_churn,lr_churn_prob,lr_predicted_churn,xgb_churn_prob,xgb_predicted_churn
4376-KFVRS,0,0.11687846863174078,0,0.054219913,0
2754-SDJRD,0,0.8448883559099961,1,0.76120204,1
9917-KWRBE,0,0.10554654872081765,0,0.10426878,0
0365-GXEZS,0,0.6345237172164659,1,0.55544096,1
9385-NXKDA,0,0.06143168614526692,0,0.05514536,0
4686-UXDML,0,0.8163110869861538,1,0.70594954,1
2227-JRSJX,0,0.6939176340997361,1,0.5947949,1
4830-FAXFM,0,0.3113854214909828,0,0.26625767,0
1830-IPXVJ,0,0.006254334080844744,0,0.026743831,0
4690-LLKUA,1,0.6388343618253759,1,0.5910581,1
5804-HYIEZ,0,0.5372303694290047,1,0.4776067,0
2388-LAESQ,0,0.14839033062748708,0,0.065506294,0
5533-RJFTJ,0,0.2805272180795586,0,0.37191373,0
4706-AXVKM,1,0.8616868840822199,1,0.7748541,1
0997-YTLNY,0,0.27624381628442707,0,0.2006148,0
7971-HLVXI,0,0.15616999786375688,0,0.08766443,0
7337-CINUD,0,0.07625630202898152,0,0.04840934,0
1379-FRVEB,0,0.7988489767746132,1,0.75076854,1
4753-PADAS,0,0.38879107492154646,0,0.4287648,0
5701-GUXDC,0,0.17267864022939589,0,0.09228923,0
7235-NXZCP,1,0.8667531225169265,1,0.8215223,1
0668-OGMHD,0,0.5142710835052384,1,0.39407158,0
2812-REYAT,0,0.042742608247174685,0,0.091105714,0
8779-YIQQA,0,0.08225997903624496,0,0.06340181,0
9701-CDXHR,0,0.40281657853732683,0,0.3563808,0
7130-CTCUS,0,0.3957948256964175,0,0.3729768,0
1894-IGFSG,1,0.7999034696585976,1,0.6660212,1
0871-URUWO,1,0.850195348575349,1,0.76559335,1
0057-QBUQH,0,0.04376810940021574,0,0.07904922,0
9611-CTWIH,1,0.9100644947049947,1,0.8584477,1
8058-DMYRU,0,0.7118185792786158,1,0.6798588,1
5351-QESIO,0,0.6770988357232154,1,0.61366624,1
4302-ZYFEL,0,0.012027487375881043,0,0.056686915,0
6134-KWTBV,0,0.01178941755913941,0,0.043541722,0
2034-GDRCN,1,0.9080976742876279,1,0.85865206,1
9544-PYPSJ,0,0.4850755434874462,0,0.48147207,0
4208-UFFGW,1,0.6044192225433106,1,0.5819546,1
9537-JALFH,0,0.004095131322972426,0,0.02665733,0
4415-IJZTP,1,0.900322089479583,1,0.8900036,1
4701-MLJPN,1,0.3756979132719819,0,0.4034309,0
7515-LODFU,0,0.005560259628341782,0,0.043399397,0
4927-WWOOZ,0,0.8933022534458926,1,0.87147343,1
4067-HLYQI,0,0.614615253485362,1,0.5435545,1
6184-DYUOB,0,0.5178009000229871,1,0.4435008,0
9209-NWPGU,0,0.08644462239494231,0,0.1069531,0
9851-KIELU,1,0.7061147110665325,1,0.6550411,1
3199-XGZCY,0,0.8735944281330535,1,0.8463785,1
4226-KKDON,0,0.5796578647712429,1,0.54528254,1
1085-LDWAM,0,0.012321756668770419,0,0.056686915,0
6825-UYPFK,1,0.655034154545643,1,0.4819643,0
1767-CJKBA,0,0.010010161796787967,0,0.042224877,0
7181-BQYBV,1,0.8683846549883762,1,0.79654604,1
0178-CIIKR,0,0.40132619377730044,0,0.363721,0
4256-ZWTZI,0,0.47397042652830546,0,0.4513996,0
9537-VHDTA,0,0.3909557276900984,0,0.5116559,1
2754-XBHTB,1,0.8265941638528104,1,0.7740078,1
5975-BAICR,0,0.13912796185995724,0,0.15014967,0
3301-VKTGC,0,0.12183394653538403,0,0.103612326,0
2877-VDUER,0,0.13193314139955706,0,0.093566306,0
7717-BICXI,0,0.006583118353020737,0,0.028068438,0
0562-FGDCR,0,0.013802163385887405,0,0.02153149,0
3705-PSNGL,1,0.07363817485906127,0,0.1325403,0
0048-LUMLS,0,0.34294854135568026,0,0.26531187,0
6497-TILVL,0,0.34799652488012894,0,0.27945155,0
2108-YKQTY,1,0.48060427119728244,0,0.48557594,0
3658-KIBGF,1,0.6133888690609134,1,0.70749944,1
5482-NUPNA,1,0.3949837087473267,0,0.3788729,0
7410-KTVFV,1,0.5274694002691214,1,0.40335408,0
9033-EOXWV,1,0.39715580220963637,0,0.23234765,0
8821-XNHVZ,1,0.80733950126994,1,0.83455783,1
8224-KDLKN,0,0.005134641178277887,0,0.027686663,0
4825-FUREZ,0,0.02970596243781019,0,0.06962325,0
7534-BFESC,1,0.804649556413472,1,0.75920886,1
9138-EFSMO,0,0.38908141253773604,0,0.23952779,0
4227-OJHAL,0,0.06402236371100078,0,0.09088564,0
7279-NMVJC,0,0.12117522169402091,0,0.08145717,0
8591-TKMZH,0,0.13586065636729744,0,0.14478984,0
9283-LZQOH,1,0.7527599500664635,1,0.6944117,1
3594-IVHJZ,0,0.5130232836748037,1,0.47648522,0
1945-XISKS,0,0.006728654182325497,0,0.03474594,0
4359-INNWN,0,0.11973606443627403,0,0.07821354,0
7649-SIJJF,0,0.03110883992244353,0,0.032861136,0
9254-RBFON,1,0.39271154942418457,0,0.30431992,0
0970-ETWGE,1,0.9145200068957396,1,0.8906628,1
7762-ONLJY,0,0.1595162793963222,0,0.09391508,0
6710-HSJRD,0,0.6385624434052605,1,0.6468246,1
8873-GLDMH,0,0.8509440398980838,1,0.8065652,1
9907-SWKKF,1,0.7411184106896221,1,0.6859378,1
4658-HCOHW,1,0.7178342109677326,1,0.64317656,1
9330-VOFSZ,0,0.2205539602106369,0,0.24189812,0
2860-RANUS,1,0.8234032163073465,1,0.70052606,1
6234-PFPXL,0,0.5215311373535327,1,0.40960032,0
7205-BAIAD,0,0.03282891497171645,0,0.055743713,0
3858-VOBET,1,0.8160362671632073,1,0.7612089,1
5103-MHMHY,1,0.5117630178565314,1,0.62288797,1
6119-SPUDB,0,0.03360041540499546,0,0.0408804,0
9389-ACWBI,0,0.652452901222471,1,0.6670769,1
3454-JFUBC,0,0.009286782972142658,0,0.05233245,0
1768-ZAIFU,1,0.8582638598751338,1,0.8175399,1
7017-VFULY,0,0.3998458723376295,0,0.3736316,0
9221-OTIVJ,1,0.8874734298204593,1,0.82264805,1
2482-CZGBB,1,0.8341147810543859,1,0.82163006,1
7018-WBJNK,0,0.747172331575099,1,0.67559063,1
3331-HQDTW,1,0.685125737749494,1,0.5033291,1
4695-VADHF,1,0.5341839724566583,1,0.39932668,0
4086-WITJG,0,0.0036119037455586978,0,0.022960126,0
6297-NOOPG,0,0.2624789607541765,0,0.26214084,0
8777-PVYGU,0,0.11077840257122411,0,0.09923888,0
4378-MYPGO,0,0.10728338998166977,0,0.12011811,0
9313-CDOGY,0,0.1128307381146138,0,0.23743439,0
4121-AGSIN,0,0.031221764394191175,0,0.06959934,0
0432-CAJZV,0,0.8149454822887604,1,0.723779,1
9097-ZUBYC,0,0.3739232764918212,0,0.27371874,0
9638-JIQYA,0,0.7890749202565792,1,0.67689854,1
1024-GUALD,1,0.8577833384866932,1,0.8112691,1
8024-XNAFQ,0,0.09469220484502058,0,0.068150066,0
7587-RZNME,1,0.7663969101355388,1,0.7335494,1
1346-UFHAX,0,0.7183858070385915,1,0.6537591,1
6374-NTQLP,0,0.0879728460114443,0,0.07859407,0
6625-FLENO,0,0.00984333428273297,0,0.037789915,0
7375-WMVMT,0,0.09846732142954437,0,0.06658663,0
6910-HADCM,1,0.7809918247056092,1,0.8301807,1
7401-JIXNM,0,0.03115798640833963,0,0.043339685,0
7338-ERIVA,0,0.07661566354486372,0,0.07986133,0
5376-DEQCP,1,0.8653009368367595,1,0.8839456,1
0909-SELIE,0,0.03804067887953853,0,0.04622783,0
5419-KLXBN,1,0.607883931588163,1,0.5649027,1
0365-TRTPY,0,0.38276453454436615,0,0.30772844,0
6712-OAWRH,1,0.8416048275011114,1,0.7439737,1
2428-ZMCTB,0,0.30932821442421266,0,0.26371878,0
1963-VAUKV,1,0.41868627961512483,0,0.59243375,1
9381-NDKME,1,0.6424502384662825,1,0.46496034,0
3729-OWRVL,0,0.2462530141882633,0,0.34896845,0
0895-LMRSF,0,0.415072285908645,0,0.2660735,0
2676-SSLTO,0,0.08030577619169724,0,0.06451213,0
8495-PRWFH,0,0.35860409868868753,0,0.39833063,0
9030-QGZNL,0,0.09870519863696035,0,0.0634593,0
9972-NKTFD,0,0.20991436076024883,0,0.19203281,0
7998-WNZEM,0,0.018928814145942965,0,0.030683558,0
0979-PHULV,1,0.580022025620457,1,0.5571432,1
6445-TNRXS,0,0.11610205237082029,0,0.14220145,0
9586-JGQKH,0,0.21671521419716316,0,0.18787251,0
3966-HRMZA,0,0.7308734250711495,1,0.70303106,1
5498-IBWPI,0,0.03544928524591281,0,0.063236594,0
6823-SIDFQ,0,0.08073353051961876,0,0.06405185,0
2323-ARSVR,0,0.14287766526474446,0,0.18435198,0
5468-BPMMO,0,0.1046377589124964,0,0.28561476,0
0486-HECZI,1,0.5537039622497761,1,0.5453353,1
2178-PMGCJ,0,0.7081981444215623,1,0.6285932,1
4660-IRIBM,0,0.619452419308835,1,0.51994765,1
9674-EHPPG,0,0.028917363971925382,0,0.04467333,0
5606-AMZBO,0,0.7586377923013528,1,0.68991333,1
0665-XHDJU,0,0.33684817336170914,0,0.1833427,0
5402-HTOTQ,0,0.5492010097448,1,0.45510265,0
8258-GSTJK,1,0.8853927405693937,1,0.86644465,1
3787-TRIAL,0,0.6183977605251969,1,0.5464467,1
6175-IRFIT,0,0.8006261113742351,1,0.69703,1
6317-YPKDH,1,0.6681987665919896,1,0.67002445,1
5692-FPTAH,1,0.6949742560690424,1,0.74810296,1
5373-SFODM,1,0.7620000903767543,1,0.616376,1
0868-VJRDR,0,0.11618406391411887,0,0.11891765,0
4079-VTGLK,0,0.26803671376001115,0,0.14840867,0
1166-PQLGG,0,0.0036685392139926554,0,0.023354456,0
5296-BFCYD,0,0.020353782292718475,0,0.04285899,0
6568-POCUI,0,0.254116970003891,0,0.1234487,0
2839-RFSQE,1,0.40323146094366413,0,0.38860407,0
2188-SXWVT,0,0.08622303858194531,0,0.06715954,0
8849-GYOKR,1,0.2851859555737053,0,0.27779636,0
3623-FQBOX,0,0.3004218712540732,0,0.30362374,0
2649-HWLYB,0,0.025659629890363505,0,0.046839293,0
0599-XNYDO,0,0.7230109398132947,1,0.63017863,1
2514-GINMM,1,0.889371085535894,1,0.88888747,1
8401-EMUWF,0,0.258198690220183,0,0.24439967,0
5766-ZJYBB,1,0.43291655624411196,0,0.56973815,1
2604-IJPDU,0,0.5909107076597466,1,0.5817939,1
2501-XWWTZ,0,0.7546390147120108,1,0.68356866,1
6370-ZVHDV,0,0.011844400725441783,0,0.04182707,0
3027-YNWZU,0,0.010234424809164809,0,0.041691683,0
4526-ZJJTM,0,0.6268766785254763,1,0.49575847,0
0440-QEXBZ,0,0.35861790154311973,0,0.34942126,0
0330-IVZHA,1,0.7942133762147948,1,0.7538097,1
9758-MFWGD,0,0.07415036269530538,0,0.09067441,0
4229-CZMLL,1,0.8838447118213718,1,0.85924274,1
0742-MOABM,1,0.46859077310131614,0,0.41676623,0
4277-BWBML,0,0.003425509590688715,0,0.023445712,0
5136-GFPMB,0,0.5417016970109216,1,0.4470763,0
7520-HQWJU,0,0.08618469546904499,0,0.19673936,0
6304-IJFSQ,1,0.6286297125201419,1,0.6343642,1
0297-RBCSG,0,0.25428184410710947,0,0.2033154,0
6013-BHCAW,0,0.06660452704123024,0,0.06676332,0
4402-FTBXC,0,0.3263166069207758,0,0.299197,0
1471-GIQKQ,0,0.623226938892205,1,0.72754335,1
4283-FUTGF,1,0.8279689222342049,1,0.7889703,1
9548-LERKT,0,0.05189918464152353,0,0.042911828,0
8059-UDZFY,0,0.7119056711804193,1,0.5883407,1
0410-IPFTY,0,0.6935093794734001,1,0.5793742,1
2478-EEWWM,0,0.4810711734330357,0,0.57166386,1
4619-EVPHY,0,0.6575123291147096,1,0.46073523,0
2277-DJJDL,0,0.7250349680372172,1,0.6735866,1
2911-WDXMV,0,0.6898286173723029,1,0.62747246,1
3639-XJHKQ,0,0.3545676510001151,0,0.38614872,0
8173-RXAYP,0,0.0382245409541394,0,0.03642809,0
4537-CIBHB,0,0.13773243789397605,0,0.08328448,0
5442-BXVND,0,0.13627687584828052,0,0.18363751,0
2308-STERM,0,0.42271369109876417,0,0.36702445,0
7159-NOKYQ,0,0.2896536797691343,0,0.21312377,0
6075-QMNRR,0,0.15556069830964178,0,0.25496915,0
3694-GLTJM,0,0.46802228110247057,0,0.4053558,0
9629-NHXFW,0,0.4671523778632716,0,0.5826704,1
7167-PCEYD,0,0.00994899591852657,0,0.045004986,0
2748-MYRVK,1,0.32283680306777823,0,0.31193364,0
4223-WOZCM,0,0.5782679875757992,1,0.5661361,1
6946-LMSQS,1,0.6522152265382081,1,0.4239978,0
5469-NUJUR,0,0.09399548639186742,0,0.059760943,0
6388-TABGU,0,0.02113568256889164,0,0.04612361,0
1261-FWTTE,0,0.6793944257567752,1,0.48053604,0
8590-YFFQO,0,0.008268499678202808,0,0.027248733,0
0082-OQIQY,0,0.7725910177860167,1,0.65964675,1
9465-RWMXL,1,0.7681898520268367,1,0.7128092,1
2930-UOTMB,1,0.18911887369496633,0,0.17011046,0
9128-CPXKI,0,0.23732795194114012,0,0.20040578,0
0484-FFVBJ,0,0.3374933171951586,0,0.24410956,0
1100-DDVRV,0,0.7406362162099844,1,0.498383,0
9313-QOLTZ,0,0.17152874100019871,0,0.20348601,0
3338-CVVEH,0,0.8762643688131141,1,0.73449445,1
1131-SUEKT,0,0.2466528039048181,0,0.24617945,0
7602-DBTOU,0,0.005563449950529064,0,0.030058227,0
1385-TQOZW,0,0.4067320296713895,0,0.3546075,0
6892-XPFPU,1,0.8653790657645068,1,0.78070444,1
4115-NZRKS,0,0.9060936525197788,1,0.8486872,1
5514-YQENT,0,0.16715531117978605,0,0.15873908,0
6319-IEJWJ,1,0.822932318866501,1,0.7543509,1
8849-AYPTR,0,0.7356554349183941,1,0.60535055,1
5893-PYOLZ,0,0.057912090893271644,0,0.05839853,0
7180-PISOG,1,0.8707923386558253,1,0.8683833,1
8443-ZRDBZ,1,0.8832518458838228,1,0.8616628,1
9079-YEXQJ,1,0.5789400639150869,1,0.55168986,1
3780-YVMFA,0,0.6798208053723223,1,0.49977136,0
6968-MHOMU,0,0.21606864843057186,0,0.25876054,0
0899-LIIBW,0,0.791398430441181,1,0.63349223,1
3677-IYRBF,1,0.8369947364629549,1,0.770451,1
8393-DLHGA,1,0.7636563018238437,1,0.6977173,1
7691-XVTZH,0,0.18780055848386593,0,0.16239165,0
5360-LJCNJ,0,0.2517442785692898,0,0.15947105,0
3891-PUQOD,1,0.6571412262421852,1,0.6845275,1
0952-KMEEH,1,0.7682649414103416,1,0.5594026,1
4919-IKATY,1,0.7715588569078439,1,0.7432533,1
9746-UGFAC,0,0.09351773236619963,0,0.077145085,0
9108-EQPNQ,0,0.08231531349478935,0,0.057621885,0
0531-ZZJWQ,0,0.6468345512636954,1,0.664119,1
8763-KIAFH,0,0.09277613149382626,0,0.07800193,0
5863-OOKCL,0,0.3345957105250069,0,0.24262528,0
2958-NHPPS,0,0.25083097220975115,0,0.29839432,0
9530-GRMJG,0,0.07243915283548907,0,0.083241895,0
1809-DMJHQ,1,0.4701256372923694,0,0.43386292,0
0164-XAIRP,0,0.07209921581389257,0,0.058828227,0
2926-JEJJC,0,0.24408905694355137,0,0.13415723,0
1169-WCVAK,0,0.5556607894926564,1,0.45953423,0
1217-VASWC,0,0.4602874160478281,0,0.4081795,0
2452-KDRRH,0,0.6469481306083694,1,0.61771464,1
6402-EJMWF,0,0.7333619054969137,1,0.6144031,1
7663-CUXZB,0,0.16558198185847134,0,0.18945488,0
4312-KFRXN,0,0.007262356761278003,0,0.033606917,0
3011-WQKSZ,0,0.32365491384271877,0,0.33006296,0
9747-DDZOS,1,0.7393476085031939,1,0.79483664,1
2091-MJTFX,1,0.37037731291377274,0,0.23586121,0
0388-EOPEX,1,0.808501398725814,1,0.7514561,1
3161-ONRWK,0,0.024939339487273855,0,0.051627412,0
2587-EKXTS,0,0.7072201213578048,1,0.6032289,1
9752-ZNQUT,0,0.7336175355684523,1,0.80504453,1
9572-WUKSB,0,0.7800364515345265,1,0.65831465,1
3836-FZSDJ,0,0.008247315402614716,0,0.042431846,0
8805-JNRAZ,0,0.5455507915626825,1,0.5419788,1
3069-SSVSN,0,0.5318409384486642,1,0.38788345,0
8015-IHCGW,0,0.15228903008383107,0,0.065685205,0
8132-YPVBX,0,0.8057334410029119,1,0.78767043,1
0235-KGSLC,1,0.8183441818256513,1,0.8493093,1
1302-UHBDD,0,0.8051580681020647,1,0.6793926,1
3722-WPXTK,1,0.919824554663175,1,0.8906628,1
7531-GQHME,0,0.2864665531567838,0,0.24784572,0
1335-NTIUC,0,0.7990324474743588,1,0.672121,1
9367-TCUYN,0,0.2991417201269973,0,0.2526023,0
1536-HBSWP,0,0.6778885153816148,1,0.70402366,1
8573-JGCZW,0,0.17852941811198603,0,0.10938312,0
2694-CIUMO,0,0.7380029647040156,1,0.6765613,1
2027-FECZV,1,0.8732495180829595,1,0.827761,1
9103-TCIHJ,1,0.5268849333537889,1,0.37648293,0
1545-JFUML,0,0.17207422902535463,0,0.10762547,0
0524-IAVZO,1,0.8457533661393258,1,0.73695874,1
5519-TEEUH,0,0.07069927621743775,0,0.07772102,0
6654-QGBZZ,0,0.42578605107292317,0,0.58729994,1
2294-DMMUS,0,0.3054261597731887,0,0.33346152,0
0017-IUDMW,0,0.10092573422487819,0,0.05675008,0
5018-LXQQG,0,0.16212176860778219,0,0.16013886,0
5808-TOTXO,0,0.22706047890151723,0,0.1443423,0
1174-FGIFN,0,0.5419994078835797,1,0.38853782,0
0730-KOAVE,0,0.6490649395139155,1,0.5248645,1
1218-VKFPE,1,0.2541461745035765,0,0.18555304,0
5313-FPXWG,0,0.055870303943857585,0,0.098681286,0
2834-JKOOW,0,0.15385345846081133,0,0.10157434,0
9430-NKQLY,0,0.007891404839742074,0,0.033690684,0
0363-QJVFX,1,0.6307243881758671,1,0.4628464,0
1658-TJVOA,0,0.7965912382701664,1,0.7528806,1
6685-GBWJZ,0,0.028868237544404443,0,0.07025582,0
6328-ZPBGN,1,0.8812999473710171,1,0.79150736,1
4003-FUSHP,0,0.4365204201862901,0,0.3523577,0
7690-KPNCU,0,0.08595515915141645,0,0.14941426,0
2969-WGHQO,0,0.22811400505688123,0,0.15036525,0
1855-CFULU,0,0.40070576755562837,0,0.34194925,0
9788-YTFGE,0,0.4599995815247639,0,0.3641577,0
8266-VBFQL,0,0.8223037405012189,1,0.7817415,1
2325-NBPZG,0,0.8000241382866218,1,0.7509231,1
9906-NHHVC,0,0.08881051538192856,0,0.10718207,0
2541-YGPKE,0,0.061777964830759244,0,0.103947856,0
5049-MUBWG,0,0.15045306400705022,0,0.14111744,0
2332-TODQS,0,0.04071476072567219,0,0.0778509,0
4419-UJMUS,0,0.2397406323420791,0,0.19992445,0
2233-TXSIU,0,0.2259412435987124,0,0.11222357,0
6770-XUAGN,1,0.5254696915105578,1,0.64830744,1
2919-HBCJO,1,0.7464617978941716,1,0.78683776,1
9508-ILZDG,0,0.6906916261787868,1,0.6324274,1
5442-BHQNG,0,0.8038434086675545,1,0.7568442,1
7250-EQKIY,1,0.4957049140004876,0,0.62515265,1
6838-HVLXG,0,0.2982512289404768,0,0.2526023,0
9767-FFLEM,0,0.5756583137718027,1,0.53663754,1
2245-ADZFJ,0,0.08885728679038991,0,0.049118713,0
1150-WFARN,1,0.12908429497702342,0,0.2784849,0
9054-FOWNV,0,0.8053929467202445,1,0.766512,1
7997-EASSD,0,0.1995907754023541,0,0.14896712,0
7560-QJAVJ,0,0.023039635504295216,0,0.04602892,0
2668-TZSPS,0,0.417978100625233,0,0.59243375,1
9139-WQQDY,1,0.35167358404045146,0,0.30858842,0
6726-NNFWD,0,0.09664403160179151,0,0.07085591,0
9330-DHBFL,0,0.08670225032998458,0,0.07242617,0
5727-MYATE,0,0.02912950380242251,0,0.033008732,0
2824-DXNKN,0,0.027045707510326752,0,0.04298955,0
6166-ILMNY,1,0.7412650241551958,1,0.7052693,1
5236-XMZJY,0,0.12738794664987038,0,0.18452345,0
1709-EJDOX,0,0.012921193171925137,0,0.035236567,0
4962-CHQPW,0,0.056432371940027405,0,0.05786364,0
0301-FIDRB,0,0.02634256785671888,0,0.033108927,0
1820-TQVEV,1,0.8722668187431676,1,0.8839456,1
9115-YQHGA,0,0.3064791775832419,0,0.403295,0
1541-ETJZO,1,0.5060207588733873,1,0.57003623,1
6230-BSUXY,1,0.8925958551466147,1,0.88745713,1
6797-LNAQX,1,0.1443701540094375,0,0.10057509,0
9588-YRFHY,0,0.02221024590841093,0,0.0527617,0
1092-GANHU,1,0.7689527192184334,1,0.76397794,1
5951-AOFIH,0,0.36159971664769236,0,0.35240674,0
7029-RPUAV,1,0.8524081709359764,1,0.7191191,1
4700-UBQMV,0,0.3157141826736992,0,0.2146989,0
3594-UVONA,1,0.21190443230197203,0,0.18934816,0
7750-EYXWZ,0,0.4348737922743495,0,0.27863833,0
7054-ENNGU,0,0.4595287530324204,0,0.39030337,0
0402-OAMEN,0,0.005251254413355592,0,0.027686663,0
2195-VVRJF,0,0.5181111214447717,1,0.39284277,0
8819-ZBYNA,0,0.18324537252196244,0,0.20548223,0
7748-UMTRK,0,0.763669867173312,1,0.6577838,1
1741-WTPON,0,0.09863002729179264,0,0.13335767,0
7209-JCUDS,1,0.8857234007716449,1,0.84106964,1
2485-ITVKB,1,0.883290725799673,1,0.77494603,1
9648-BCHKM,0,0.09475753104222852,0,0.055151127,0
0743-HRVFF,0,0.2036698985294174,0,0.24383643,0
2522-AHJXR,0,0.5217915496779044,1,0.47016713,0
9143-CANJF,0,0.20916094613762204,0,0.21986318,0
1444-VVSGW,1,0.16825110568382215,0,0.2571725,0
6898-MDLZW,0,0.4571311243930485,0,0.37114707,0
0074-HDKDG,0,0.10990639171069339,0,0.09596028,0
3982-JGSFD,0,0.07494443267677942,0,0.09665353,0
7928-VJYAB,0,0.7914584226095859,1,0.6760644,1
1522-VVDMG,1,0.7184275719622101,1,0.69931453,1
2665-NPTGL,0,0.844391925133989,1,0.6686995,1
8728-SKJLR,0,0.567455034466982,1,0.5939185,1
7733-UDMTP,0,0.4501248271712252,0,0.5664591,1
0431-APWVY,1,0.535381510059585,1,0.36667657,0
5081-NWSUP,0,0.25107608482082144,0,0.21044777,0
2746-DIJLO,0,0.17336605967382962,0,0.12928833,0
7277-OZCGZ,0,0.6792617978454312,1,0.59582996,1
5236-PERKL,1,0.20898583915359348,0,0.23607448,0
2788-CJQAQ,0,0.15663026613810008,0,0.088517435,0
3096-WPXBT,0,0.2080840910442636,0,0.23609754,0
9962-BFPDU,0,0.35420140522863514,0,0.52864337,1
2892-GESUL,0,0.05115794650043237,0,0.039810788,0
9741-YLNTD,0,0.8340155665726395,1,0.7531107,1
1205-WNWPJ,1,0.5951401735165138,1,0.4553408,0
3173-NVMPX,0,0.5681387344647396,1,0.47236696,0
9661-MHUMO,1,0.5330422185247781,1,0.5554237,1
6000-APYLU,1,0.8699096315096474,1,0.82921785,1
0048-PIHNL,0,0.02736724212066764,0,0.06748449,0
9420-LOJKX,1,0.7172631472801255,1,0.65026313,1
7061-OVMIM,0,0.053241717575849876,0,0.058500562,0
5671-RQRLP,0,0.1417383947907832,0,0.13439594,0
5129-JLPIS,0,0.6899687387697477,1,0.6207937,1
5170-PTRKA,0,0.05720646887523943,0,0.0794265,0
4819-HJPIW,0,0.5515742816167649,1,0.32340753,0
8780-RSYYU,0,0.2568896339521351,0,0.27237383,0
2335-GSODA,0,0.0571968686957758,0,0.040461987,0
5696-CEIQJ,0,0.08158969280790354,0,0.10030065,0
6169-PPETC,0,0.020886214268347154,0,0.03573927,0
4237-RLAQD,1,0.6893934979471458,1,0.74810296,1
7359-WWYJV,0,0.10030748591064068,0,0.056403093,0
8620-RJPZN,0,0.4952620732422641,0,0.63210857,1
7426-WEIJX,0,0.4219266969810017,0,0.43551683,0
7629-WIXZF,0,0.49449507615892985,0,0.32069933,0
2616-FLVQC,0,0.0075813659406552426,0,0.036989655,0
9163-GHAYE,0,0.5043969757760722,1,0.4438338,0
4464-JCOLN,1,0.18709261291922552,0,0.12976366,0
2971-SGAFL,0,0.7343331482729815,1,0.5516805,1
4735-ASGMA,1,0.8813132044500394,1,0.77106094,1
5245-VDBUR,0,0.06857053307083728,0,0.07133946,0
1493-AMTIE,1,0.5116461319697082,1,0.66106915,1
1112-CUNAO,1,0.8179902716968144,1,0.6966485,1
7571-YXDAD,1,0.7875435285485188,1,0.7259784,1
8714-EUHJO,1,0.7581112569050414,1,0.6696913,1
9040-KZVWO,0,0.3136222737199804,0,0.1481507,0
6713-OKOMC,0,0.5343378640949855,1,0.34457454,0
8749-CLJXC,0,0.42365276472477054,0,0.58898306,1
4713-LZDRV,1,0.9034944345989288,1,0.8533743,1
6598-RFFVI,1,0.22721561229383166,0,0.14499256,0
7470-MCQTK,1,0.7901455356798106,1,0.5352231,1
5524-KHNJP,0,0.12927951498259677,0,0.1360918,0
1707-HABPF,0,0.32483867141036604,0,0.23545055,0
4581-LNWUM,0,0.7774283023707171,1,0.5333374,1
9710-ZUSHQ,1,0.6779323651266107,1,0.5270752,1
1697-LYYYX,0,0.012158480203221137,0,0.041897327,0
4013-GUXND,0,0.4130304661433565,0,0.59537154,1
5022-JNQEQ,0,0.7028654756703657,1,0.71135056,1
4983-CCWMC,0,0.8213891889866836,1,0.79450744,1
6345-FZOQH,0,0.005997536756755839,0,0.033714574,0
0962-CQPWQ,0,0.005760563295138551,0,0.02776492,0
5495-GPSRW,0,0.09183144283134478,0,0.0590869,0
2252-JHJGE,0,0.38716268007054305,0,0.33465266,0
7356-AYNJP,0,0.3522554883789651,0,0.14760353,0
2019-HDCZY,0,0.2707610217532394,0,0.3164518,0
8582-KRHPJ,0,0.19521346907948653,0,0.27553007,0
2867-UIMSS,1,0.8485587959095807,1,0.8335986,1
3487-EARAT,0,0.020784240199940195,0,0.07544573,0
9926-PJHDQ,0,0.0631169158708411,0,0.06833773,0
0289-IVARM,0,0.20180099657872716,0,0.26518717,0
4672-FOTSD,0,0.4518765003014048,0,0.39305913,0
6198-PNNSZ,0,0.2828732439354944,0,0.26639098,0
7603-USHJS,1,0.7645884710709182,1,0.7006037,1
6784-XYJAE,0,0.21549013104968395,0,0.14368527,0
3858-XHYJO,0,0.3852142241892463,0,0.28690606,0
1087-UDSIH,1,0.5130758205270968,1,0.45395052,0
7251-LJBQN,0,0.5314902943050966,1,0.4432728,0
3200-MNQTF,0,0.012711580258773912,0,0.03325079,0
9359-UGBTK,0,0.04857705114096477,0,0.119318865,0
8160-HOWOX,0,0.7875547304285704,1,0.67928475,1
0258-NOKBL,0,0.789312441554356,1,0.74444467,1
2800-QQUSO,0,0.7752960689870936,1,0.7046245,1
2129-ALKBS,0,0.19101077785473156,0,0.34895805,0
9972-VAFJJ,0,0.3177660291008349,0,0.2786281,0
4693-VWVBO,0,0.4877855589369931,0,0.41256264,0
6969-MVBAI,0,0.8863084164610682,1,0.8571507,1
4821-WQOYN,0,0.005173014289251439,0,0.027790591,0
6769-DYBQN,1,0.5243019791840273,1,0.45728087,0
4018-PPNDW,0,0.015236371859496396,0,0.04092556,0
6288-CHQJB,0,0.020037169611018497,0,0.030457148,0
4905-JEFDW,1,0.6166936918847283,1,0.3254216,0
0559-CKHUS,0,0.061491804757685495,0,0.05269988,0
2659-VXMWZ,1,0.33878712391699306,0,0.33965904,0
6559-RAKOZ,0,0.5228606735938266,1,0.43735123,0
8809-XKHMD,0,0.09993171315695744,0,0.050965,0
6365-HITVU,0,0.013860394894876178,0,0.025376253,0
0134-XWXCE,0,0.1340059086512253,0,0.17776838,0
9720-JJJOR,0,0.0686872355767729,0,0.08419382,0
2782-LFZVW,0,0.7497376621307091,1,0.51997274,1
6112-KTHFQ,0,0.39879115807022264,0,0.32952198,0
9220-ZNKJI,0,0.10313976862586177,0,0.10430301,0
9820-RMCQV,1,0.38728983958915875,0,0.29968372,0
9013-AQORL,0,0.19659157775712785,0,0.25909233,0
2040-OBMLJ,0,0.2920183755447157,0,0.1532868,0
5574-NXZIU,0,0.08269490211560779,0,0.14820604,0
5446-DKWYW,0,0.16259653874655633,0,0.17665611,0
0480-KYJVA,0,0.005391377353409399,0,0.026845096,0
1074-AMIOH,0,0.42322541843624495,0,0.42805362,0
0015-UOCOJ,0,0.648750200444153,1,0.5635344,1
0256-LTHVJ,1,0.7376839396761833,1,0.68148434,1
4547-LYTDD,1,0.8041473707657099,1,0.6785944,1
1077-HUUJM,0,0.7891003586317942,1,0.7928461,1
2041-JIJCI,0,0.8074544523798085,1,0.7053268,1
1555-HAPSU,0,0.005591005519295783,0,0.027295282,0
4323-SADQS,1,0.5838337421543497,1,0.40418476,0
3292-PBZEJ,0,0.8307042960212461,1,0.7744695,1
6203-HBZPA,0,0.04324456953116195,0,0.052821532,0
9755-JHNMN,0,0.015124822351703426,0,0.03245142,0
7369-TRPFD,0,0.12203398769405069,0,0.07014544,0
9878-TNQGW,1,0.8911306503847412,1,0.8520731,1
2279-AXJJK,0,0.5403006920006744,1,0.48029888,0
5016-IBERQ,0,0.699346152078691,1,0.61470926,1
1016-DJTSV,0,0.850246428322058,1,0.82809067,1
8433-WPJTV,0,0.3292050497513071,0,0.3697386,0
8903-XEBGX,0,0.7490533204024977,1,0.69877577,1
2632-TACXW,0,0.011807782451501837,0,0.04182707,0
7952-OBOYL,0,0.7554764897711642,1,0.7364993,1
1470-PSXNM,0,0.42914878958808883,0,0.32335725,0
6227-HWPWX,1,0.5844453682140809,1,0.5113907,1
5924-SNGKP,0,0.04558682237151882,0,0.07409811,0
8818-DOPVL,0,0.8022032866865342,1,0.73369545,1
4521-WFJAI,0,0.021639657243070192,0,0.057400525,0
4724-WXVWF,0,0.583987339547196,1,0.51346046,1
3717-OEAUQ,0,0.7427065545066309,1,0.7052693,1
8165-ZJRNM,0,0.0054175161074016065,0,0.027686663,0
7838-LAZFO,0,0.11257687637612548,0,0.14201424,0
0513-RBGPE,0,0.05069918489683895,0,0.04244258,0
7251-XFOIL,0,0.5185819318872693,1,0.42297292,0
2525-GVKQU,0,0.008468444654229967,0,0.03801361,0
7579-OOPEC,1,0.5302386808076393,1,0.5392377,1
3795-GWTRD,0,0.010635851954735643,0,0.02764583,0
4750-ZRXIU,1,0.9209133027604115,1,0.8692298,1
5445-PZWGX,1,0.20449196007987147,0,0.2335578,0
0516-UXRMT,0,0.24162503347582598,0,0.17654805,0
0727-BNRLG,0,0.13624587239030567,0,0.11206225,0
3932-CMDTD,1,0.6522682912192,1,0.624494,1
1264-FUHCX,0,0.17953013959397135,0,0.22235775,0
6194-HBGQN,0,0.08254972576838651,0,0.10306358,0
4524-QCSSM,0,0.48559488889498403,0,0.35816792,0
4570-QHXHL,0,0.7154541560823322,1,0.6543426,1
2972-YDYUW,0,0.30725506436428146,0,0.28734842,0
2061-VVFST,0,0.11361134201881488,0,0.2000815,0
6874-SGLHU,0,0.5264625990934988,1,0.39679754,0
9844-FELAJ,0,0.3661287215892043,0,0.38909048,0
1902-XBTFB,1,0.7070004016187801,1,0.70859295,1
9039-RBEEE,1,0.2545870262499073,0,0.26494643,0
9369-XFEHK,1,0.6537290415334002,1,0.56618255,1
3680-CTHUH,0,0.27124707244173696,0,0.32031044,0
3679-XASPY,0,0.44052809254866043,0,0.5524014,1
9089-UOWJG,0,0.5579108877262314,1,0.41206676,0
1574-DYCWE,0,0.010536571250411058,0,0.030592542,0
9779-DPNEJ,0,0.7818582814493376,1,0.73938155,1
2967-MXRAV,0,0.20457330865961992,0,0.20903215,0
0327-WFZSY,0,0.5159205214279583,1,0.41392437,0
1731-TVIUK,1,0.8571729557009513,1,0.7902474,1
7666-WKRON,1,0.2167915543159702,0,0.16141841,0
3865-ZYKAD,0,0.31321661953235985,0,0.36781982,0
1465-LNTLJ,0,0.5969778479319025,1,0.43469512,0
2696-RZVZW,0,0.008319475243694295,0,0.040596437,0
0685-MLYYM,1,0.8084100415263986,1,0.7613938,1
2778-OCLGR,1,0.4763345743861685,0,0.30438122,0
3982-XWFZQ,1,0.4727537649308832,0,0.510833,1
4759-PXTAN,0,0.21385799208699324,0,0.2654148,0
1448-PWKYE,1,0.8114744996258745,1,0.8089182,1
8741-LQOBK,0,0.11472434080883971,0,0.18780437,0
8650-RHRKE,1,0.8227291915426068,1,0.7158692,1
7266-GSSJX,0,0.4151022271519214,0,0.3556945,0
1265-HVPZB,0,0.053425341141748746,0,0.07866231,0
9640-ZSLDC,0,0.07821131575885103,0,0.11120743,0
0988-JRWWP,0,0.7854727666385177,1,0.7430503,1
1926-QUZNN,0,0.010945606356946526,0,0.04399851,0
9025-ZRPVR,1,0.4502241275579911,0,0.32922837,0
6527-PZFPV,0,0.09588630153146212,0,0.07769255,0
7460-ITWWP,0,0.7040907596014924,1,0.6851062,1
1530-ZTDOZ,0,0.20024921273905583,0,0.23711084,0
4785-FCIFB,0,0.012774666533915346,0,0.040681515,0
9717-QEBGU,0,0.8636753713317719,1,0.84572536,1
0876-WDUUZ,1,0.7703447223226847,1,0.72542334,1
7881-EVUAD,1,0.8069312481960494,1,0.66518384,1
4002-BQWPQ,0,0.2404664258442525,0,0.19185255,0
6377-WHAOX,0,0.7312655990520709,1,0.71681356,1
5027-YOCXN,0,0.18998858305677294,0,0.23341545,0
8450-JOVAH,1,0.44718290234596425,0,0.40117267,0
6646-QVXLR,1,0.5596602349318577,1,0.5212704,1
0254-KCJGT,0,0.09487635057467708,0,0.13656406,0
3442-ZHHCC,0,0.07347074774012928,0,0.15467975,0
9167-APMXZ,0,0.800580959574006,1,0.6854822,1
0616-ATFGB,1,0.8019995847692414,1,0.7480777,1
7273-TEFQD,1,0.8629207349494155,1,0.7626537,1
8245-UMPYT,1,0.9037071703893185,1,0.82142305,1
6022-UGGSO,1,0.6764713262700635,1,0.6732257,1
6292-TOSSS,0,0.019252850037688608,0,0.04940172,0
5207-PLSTK,0,0.5376508663192358,1,0.5935,1
3908-BLSYF,1,0.8264446634851929,1,0.75404483,1
4317-VTEOA,1,0.7084585174734662,1,0.80325794,1
0625-AFOHS,0,0.02942925087244766,0,0.035565034,0
4667-OHGKG,1,0.5416697640186998,1,0.6439628,1
2386-OWURY,0,0.6447457506377425,1,0.60564506,1
3780-DDGSE,0,0.40778369583431107,0,0.3609128,0
1047-RNXZV,0,0.021158370689556567,0,0.043564036,0
3926-YZVVX,0,0.07677693157753997,0,0.0798158,0
4742-TXUEX,0,0.012170719613149543,0,0.03624559,0
8709-KRDVL,0,0.8394604213803168,1,0.74110425,1
0397-ZXWQF,0,0.0060481514739566715,0,0.0371082,0
3910-MRQOY,0,0.00510884286269789,0,0.030377809,0
2511-MORQY,0,0.07714967439308525,0,0.07479814,0
4039-PIMHX,0,0.04102883863625646,0,0.057409693,0
8083-YTZES,1,0.8914666209391003,1,0.8601935,1
1346-PJWTK,0,0.29717779022445134,0,0.30575556,0
3750-YHRYO,0,0.1474640520285875,0,0.08653828,0
1236-WFCDV,1,0.7672058113742829,1,0.61840355,1
5949-HGVJL,0,0.5768735372055914,1,0.43153885,0
9112-WSNPU,0,0.5897780477559288,1,0.5704464,1
1360-JYXKQ,0,0.47164850349571585,0,0.46205166,0
3585-ISXZP,1,0.8307909601464273,1,0.71098095,1
8380-PEFPE,1,0.8154350059184992,1,0.85792696,1
9402-ROUMJ,0,0.1668232850844852,0,0.23102604,0
4335-UPJSI,0,0.03790973359106764,0,0.036237847,0
6096-EGVTU,0,0.01612497483384471,0,0.051825933,0
8988-ECPJR,1,0.6019778407388907,1,0.5174896,1
7677-SJJJK,0,0.13678731097315822,0,0.0790863,0
5850-BDWCY,0,0.36383492579155713,0,0.2942649,0
2025-JKFWI,1,0.838035792859528,1,0.72083294,1
8028-PNXHQ,0,0.01284728493202271,0,0.041124936,0
8397-MVTAZ,1,0.8576786307133746,1,0.7533596,1
4445-ZJNMU,0,0.8627925538219017,1,0.8007812,1
3125-RAHBV,0,0.0959143340001761,0,0.074114695,0
6682-QJDGB,1,0.1576347605536493,0,0.21261592,0
8840-DQLGN,1,0.5238872857539684,1,0.4066188,0
6258-NGCNG,0,0.44440062490312243,0,0.30401585,0
5917-RYRMG,0,0.064227913734986,0,0.078616835,0
7157-SMCFK,0,0.0062344909789410295,0,0.029048268,0
0816-TSPHQ,0,0.4022505356987252,0,0.38860407,0
6766-HFKLA,0,0.20469598008434822,0,0.21603353,0
7067-KSAZT,1,0.5301080733574072,1,0.5212704,1
5155-AZQPB,0,0.3443396977952965,0,0.2143009,0
6890-PFRQX,0,0.43038145290475294,0,0.24711706,0
3508-VLHCZ,0,0.029659806767201948,0,0.034259688,0
3649-JPUGY,0,0.04956396206157259,0,0.05495663,0
9248-OJYKK,1,0.8942495325402472,1,0.89263195,1
7239-HZZCX,1,0.4279221037988798,0,0.58575875,1
9860-LISIZ,0,0.12634866224619476,0,0.20247611,0
6979-ZNSFF,1,0.8854052820050068,1,0.86019367,1
8938-UMKPI,1,0.7804857267041075,1,0.7345659,1
1820-DJFPH,0,0.008248936964750883,0,0.034571476,0
0732-OCQOC,0,0.020092810379128908,0,0.045221213,0
6776-TLWOI,1,0.4032418318545115,0,0.363721,0
4940-KHCWD,0,0.01626527099361819,0,0.033676535,0
9057-SIHCH,1,0.9227506275882627,1,0.87442213,1
9866-QEVEE,1,0.8148764629092087,1,0.7038183,1
5542-TBBWB,0,0.8699796982726836,1,0.8839456,1
4587-VVTOX,1,0.8941961052234194,1,0.8645379,1
6322-HRPFA,0,0.057809262890038245,0,0.12550914,0
6284-AHOOQ,1,0.7211820293743655,1,0.60954005,1
4530-NDRKU,0,0.06692247937592852,0,0.09770134,0
1751-NCDLI,0,0.8323844200243896,1,0.75146127,1
3893-JRNFS,0,0.22223938968193646,0,0.38926822,0
5857-XRECV,0,0.16871562104647622,0,0.12806135,0
3115-CZMZD,0,0.10900398283770789,0,0.12915945,0
4489-SNOJF,1,0.25984473484779036,0,0.22702555,0
1051-GEJLJ,0,0.41865247888120966,0,0.38307637,0
3563-SVYLG,0,0.007370175095865776,0,0.022343794,0
4301-VVZKA,0,0.8457252501750144,1,0.80049217,1
9351-HXDMR,0,0.16147493721217462,0,0.1193508,0
5161-XEUVX,0,0.20940258736861672,0,0.1081313,0
3088-FVYWK,0,0.012236685973119997,0,0.03515539,0
9812-GHVRI,0,0.6602576042972417,1,0.48572558,0
1370-GGAWX,0,0.5587229418945283,1,0.44926772,0
6023-YEBUP,1,0.917987709575314,1,0.8754571,1
9940-RHLFB,1,0.791265953037871,1,0.82774925,1
4541-RMRLG,1,0.4414542704979891,0,0.31728524,0
2606-RMDHZ,1,0.7050725597760251,1,0.5758499,1
5575-TPIZQ,0,0.5895592766196737,1,0.47963616,0
9378-FXTIZ,1,0.2556565454602272,0,0.24457273,0
4631-OACRM,1,0.8631765316354637,1,0.7985594,1
8593-WHYHV,1,0.9161091999573514,1,0.8695509,1
1403-GYAFU,0,0.003810508686552558,0,0.025016017,0
7641-TQFHN,0,0.21340561287053847,0,0.12420044,0
4237-CLSMM,0,0.41730919388248083,0,0.37029743,0
4360-PNRQB,0,0.7739478759993864,1,0.671391,1
5334-AFQJB,0,0.011053153486091651,0,0.053159196,0
9308-ANMVE,0,0.17194729493633817,0,0.29992115,0
3530-VWVGU,0,0.16428078907177238,0,0.17602761,0
4674-HGNUA,0,0.021654909047952527,0,0.030063761,0
3030-YDNRM,0,0.8760083128655433,1,0.8463785,1
3642-BYHDO,0,0.0037079451678463968,0,0.023615263,0
0440-UEDAI,0,0.25369740778959704,0,0.25086918,0
9819-FBNSV,0,0.5647845678451838,1,0.546144,1
9289-LBQVU,0,0.10596181315547251,0,0.15340407,0
4468-YDOVK,0,0.48715110262211575,0,0.44349262,0
2001-EWBQU,0,0.2874991884043047,0,0.26157874,0
9992-UJOEL,0,0.6332071284215229,1,0.6674367,1
8409-WQJUX,0,0.3939272576114357,0,0.25670037,0
3077-RSNTJ,0,0.3045774262743519,0,0.24366304,0
6993-YCOBK,0,0.19609053349819014,0,0.31049442,0
4817-VYYWS,1,0.8454287547693606,1,0.74577177,1
4702-HDRKD,0,0.05372579697454788,0,0.10622039,0
3251-YMVWZ,0,0.03472221492977901,0,0.071276,0
4190-MFLUW,1,0.29757577687655945,0,0.27848575,0
4678-DVQEO,1,0.6479883720516562,1,0.70402366,1
4701-AHWMW,1,0.3282236862371811,0,0.3418831,0
2987-BJXIK,0,0.04364850712000155,0,0.054211244,0
1730-VFMWO,0,0.20942323783276795,0,0.19480474,0
1936-UAFEH,0,0.09289443096698001,0,0.15747832,0
5140-FOMCQ,0,0.3795818920248882,0,0.34581432,0
8778-LMWTJ,0,0.7669727427211112,1,0.7308389,1
9840-DVNDC,1,0.8130022975137158,1,0.7952338,1
8033-VCZGH,0,0.5587850275723214,1,0.44916764,0
8580-QVLOC,1,0.01847188513959995,0,0.035435535,0
6128-AQBMT,0,0.6177646251882593,1,0.58387005,1
6257-RJOHI,0,0.561817870328356,1,0.50865304,1
1929-ZCBHE,0,0.05728397024822288,0,0.09163899,0
6242-SGYTS,0,0.1924720389844515,0,0.14880845,0
7010-ZMVBF,0,0.1896343474810464,0,0.18009707,0
3519-ZKXGG,1,0.8899945611401143,1,0.8632652,1
5666-MBJPT,0,0.015261541934721883,0,0.05433448,0
3313-QKNKB,1,0.40218839799940787,0,0.31232148,0
7581-EBBOU,0,0.0683890610449412,0,0.10705138,0
1784-BXEFA,0,0.41387438622939743,0,0.35498932,0
7492-TAFJD,0,0.14155336481659414,0,0.07363594,0
5213-TWWJU,0,0.6166079325201663,1,0.5124587,1
3312-ZWLGF,0,0.741817305403906,1,0.64627796,1
2923-ARZLG,0,0.28285049215029234,0,0.28830618,0
7032-LMBHI,0,0.1482200689020935,0,0.08985045,0
8292-ITGYJ,0,0.02874171328349166,0,0.05194248,0
9107-UKCKY,0,0.2686393145154794,0,0.3130931,0
6848-HJTXY,0,0.007131605667075506,0,0.036076363,0
4184-VODJZ,0,0.3613104246002204,0,0.32731053,0
4846-WHAFZ,1,0.7443802162338973,1,0.7136923,1
8735-SDUFN,0,0.007752269143610409,0,0.041983232,0
0839-JTCUD,0,0.02422544812024065,0,0.04165847,0
6857-VWJDT,1,0.8611589715777744,1,0.8118232,1
7363-QTBIW,0,0.8808033578994382,1,0.8289082,1
6158-HDPXZ,0,0.7284414093271785,1,0.6763471,1
5419-CONWX,1,0.8304166109235269,1,0.8025134,1
9286-DOJGF,1,0.6704546035635252,1,0.57574797,1
2408-PSJVE,0,0.14257833574220566,0,0.21218105,0
2087-QAREY,0,0.43393192132006064,0,0.39505768,0
6777-TGHTM,1,0.41324329387834635,0,0.37987792,0
6507-ZJSUR,0,0.8614143307064351,1,0.77372855,1
5025-GOOKI,0,0.30395191505226504,0,0.28305623,0
6080-LNESI,0,0.01991408380059574,0,0.046824746,0
2236-HILPA,0,0.005453285636717615,0,0.026687462,0
1386-ZIKUV,0,0.4732045473915992,0,0.33005133,0
3365-SAIGS,0,0.8049883559142051,1,0.7680968,1
6061-GWWAV,0,0.06274117880384707,0,0.06774494,0
9979-RGMZT,0,0.6992892434255517,1,0.5842549,1
8445-DNBAE,0,0.7565909590365356,1,0.7526162,1
6872-HXFNF,0,0.05128784189093221,0,0.06970536,0
1320-HTRDR,1,0.8888632661957788,1,0.8620702,1
3923-CSIHK,1,0.5718931680376209,1,0.64681494,1
2446-ZKVAF,0,0.42061750823024296,0,0.29219645,0
4640-UHDOS,1,0.5597781387037556,1,0.41138422,0
5457-COLHT,0,0.01492493660647832,0,0.030355876,0
2254-DLXRI,0,0.8392457791590376,1,0.85278714,1
5339-PXDVH,0,0.787722268919324,1,0.6603663,1
2386-LAHRK,1,0.7491987016134435,1,0.74925745,1
5062-CJJKH,0,0.1315631622628792,0,0.08115457,0
8930-XOTDP,0,0.4066086321746256,0,0.26706925,0
4779-ZGICK,0,0.018465737093561092,0,0.041674197,0
9534-NSXEM,0,0.11796765356590062,0,0.09665353,0
3716-BDVDB,1,0.8751568568442881,1,0.88274103,1
9842-EFSYY,0,0.6886983484775968,1,0.46764725,0
9122-UMROB,0,0.4201036406205159,0,0.59243375,1
1867-BDVFH,1,0.8335090609839342,1,0.7889463,1
5949-EBSQK,1,0.42630934845929713,0,0.3601298,0
4160-AMJTL,1,0.43796689897226965,0,0.34662536,0
8622-ZLFKO,0,0.8865174113374366,1,0.8568906,1
2990-IAJSV,0,0.025841172886807585,0,0.03540831,0
6064-ZATLR,0,0.06130741355663915,0,0.044944752,0
7409-KIUTL,1,0.8279479059677707,1,0.8568033,1
5505-OVWQW,0,0.12807915623901087,0,0.078813836,0
3948-KXDUF,0,0.013975521634333287,0,0.032833256,0
9814-AOUDH,0,0.01208029892722781,0,0.040545452,0
7398-LXGYX,0,0.4956280578960371,0,0.44270545,0
5266-PFRQK,0,0.026703178634541084,0,0.06331599,0
1568-BEKZM,0,0.030965427078552866,0,0.054652046,0
2692-PFYTJ,0,0.5888981925901342,1,0.6617521,1
2533-QVMSK,1,0.21292714394910828,0,0.17314765,0
5828-AVIPD,1,0.64285370638329,1,0.54028136,1
2907-ILJBN,0,0.12508633777903505,0,0.077267274,0
5226-NOZFC,0,0.742054175275611,1,0.70521975,1
7114-AEOZE,0,0.008361125939126171,0,0.0390871,0
2202-CUYXZ,1,0.8754733177581651,1,0.8884496,1
3466-RITXD,0,0.6707857801866252,1,0.50446725,1
7278-CKDNC,0,0.7905932009812175,1,0.7453439,1
1956-YIFGE,0,0.505131651135447,1,0.44183055,0
0422-UXFAP,0,0.6394108807623576,1,0.5351247,1
3733-UOCWF,0,0.20843582254403065,0,0.14791828,0
7191-ADRGF,0,0.1150899516894762,0,0.07719472,0
5709-LVOEQ,0,0.14220956849845923,0,0.12225047,0
6034-YMTOB,0,0.7269643270747006,1,0.7117427,1
6372-RFVNS,1,0.847385628783575,1,0.83681905,1
9052-DHNKM,0,0.1814694835821371,0,0.107103854,0
5609-IMCGG,0,0.69786209730032,1,0.62715036,1
2959-MJHIC,1,0.8768715753136643,1,0.85270435,1
1319-YLZJG,0,0.6863996390398865,1,0.68493646,1
7623-TRNQN,1,0.5260289404782929,1,0.5614984,1
0377-JBKKT,0,0.2234895795633722,0,0.19774568,0
1936-CZAKF,0,0.09763067011828164,0,0.07611876,0
5063-IUOKK,0,0.0839897595717771,0,0.054788273,0
8646-JCOMS,0,0.18404428517007912,0,0.14677024,0
0979-MOZQI,0,0.04908984236396954,0,0.05846832,0
1525-LNLOJ,0,0.054160171627153406,0,0.06297756,0
5759-RCVCB,1,0.7294105160586761,1,0.5591272,1
9968-FFVVH,0,0.028871310058011513,0,0.05613324,0
2266-FUBDZ,0,0.05925815005563595,0,0.04423968,0
4760-THGOT,0,0.6890022342902881,1,0.5761406,1
2307-FYNNL,0,0.2521594223366787,0,0.3671973,0
1143-NMNQJ,1,0.9161900448696038,1,0.8699236,1
1629-DQQVB,0,0.3457085141667517,0,0.2768289,0
3766-EJLFL,0,0.13487976409754052,0,0.27778673,0
8457-XIGKN,0,0.2959253794057602,0,0.30313602,0
4981-FLTMF,0,0.06003618186819352,0,0.1069432,0
7606-BPHHN,0,0.007371464869665034,0,0.039012183,0
7005-CCBKV,1,0.8645252808955046,1,0.8391415,1
4648-YPBTM,0,0.07499578350327174,0,0.06129289,0
2325-ZUSFD,1,0.09765922288330038,0,0.14716387,0
1240-KNSEZ,1,0.5300887979281166,1,0.6653067,1
0430-IHCDJ,0,0.7236532425905325,1,0.62013566,1
7957-RYHQD,1,0.434230402824828,0,0.4257928,0
6164-HAQTX,0,0.014144908424760136,0,0.033642072,0
0749-IRGQE,0,0.7904595228155252,1,0.55271417,1
1227-UDMZR,0,0.0420226754909005,0,0.038850985,0
5473-KHBPS,0,0.3041001369720993,0,0.22359109,0
5297-MDOIR,0,0.15016537285096493,0,0.117625795,0
8873-TMKGR,0,0.07861451496389414,0,0.064496264,0
6481-ESCNL,0,0.7314733989352739,1,0.5246728,1
0463-WZZKO,0,0.4774468094347934,0,0.45790595,0
1038-RQOST,0,0.18278543774695397,0,0.17452885,0
4937-QPZPO,0,0.5161105173515457,1,0.46127415,0
3604-WLABM,0,0.4778964183265595,0,0.43759295,0
1360-XFJMR,0,0.3385006402456618,0,0.39356264,0
8717-VCTXJ,0,0.06458285021802616,0,0.09586104,0
5196-SGOAK,1,0.8337357399009792,1,0.8753895,1
8739-XNIKG,0,0.9071782969454807,1,0.8701057,1
2320-TZRRH,0,0.11615043017842165,0,0.07452998,0
5186-SAMNZ,1,0.82876427867608,1,0.8523708,1
5760-FXFVO,0,0.7497036506663,1,0.72348654,1
5380-WJKOV,1,0.8143522257923518,1,0.73837024,1
4703-MQYKT,0,0.05834243963474792,0,0.046717357,0
2001-MCUUW,0,0.2743110502734285,0,0.29363182,0
4947-DSMXK,0,0.7455417807620571,1,0.5903255,1
0076-LVEPS,0,0.21442347066521236,0,0.19138598,0
5566-SOEZD,0,0.24344324881690133,0,0.14624444,0
7408-OFWXJ,0,0.020985816452840346,0,0.02896142,0
1097-FSPVW,0,0.15306273912204602,0,0.19734149,0
4412-YLTKF,1,0.8099795053057974,1,0.7247074,1
0420-TXVSG,0,0.02871276007046828,0,0.0513469,0
7817-BOQPW,1,0.8922425313101915,1,0.8629101,1
0963-ZBDRN,1,0.7551730600050588,1,0.648769,1
9685-WKZGT,1,0.8600864173910361,1,0.8109688,1
2139-FQHLM,0,0.5678457544648041,1,0.43387684,0
5825-XJOCM,0,0.07472116776251725,0,0.08307838,0
0004-TLHLJ,1,0.8515346672425297,1,0.8414919,1
7529-ZDFXI,0,0.6832738256921866,1,0.6609789,1
6848-YLDFR,0,0.08534444766944567,0,0.13550185,0
5820-PTRYM,0,0.06592322836812052,0,0.07772369,0
2984-RGEYA,0,0.004155996074737752,0,0.02680617,0
6434-TTGJP,0,0.10642455995254646,0,0.05872996,0
9643-AVVWI,0,0.7040982872769317,1,0.7176706,1
3506-OVLKD,0,0.07105193034103896,0,0.08015046,0
4946-EDSEW,1,0.34930238582653433,0,0.27192163,0
2924-KHUVI,0,0.5046787354187097,1,0.42367923,0
2263-SFSQZ,0,0.022455171311738506,0,0.046151374,0
5281-BUZGT,1,0.715874032563245,1,0.6071319,1
3717-FDJFU,0,0.08676588913103792,0,0.055798676,0
2239-CFOUJ,0,0.1898348179343255,0,0.26129705,0
8699-ASUFO,1,0.8536519423319799,1,0.7881406,1
1122-YJBCS,0,0.038507558014124116,0,0.07944758,0
0628-CNQRM,1,0.14877796789919515,0,0.10447795,0
1705-GUHPV,0,0.012108038930021813,0,0.042351283,0
4877-TSOFF,0,0.06912331195880844,0,0.104853794,0
7404-JLKQG,0,0.7015479671230748,1,0.62644076,1
0379-DJQHR,0,0.020735185339280954,0,0.044381864,0
8993-PHFWD,1,0.772035682969833,1,0.64060605,1
3930-ZGWVE,0,0.4279221037988798,0,0.58575875,1
1965-DDBWU,1,0.7838257443267671,1,0.6462055,1
7572-KPVKK,0,0.2744404182098691,0,0.3009862,0
6854-EXGSF,0,0.49322258273944075,0,0.4329993,0
9483-GCPWE,0,0.1370433506120522,0,0.082463466,0
8053-WWDRO,1,0.36396555710926665,0,0.28243947,0
9473-CBZOP,0,0.16211976247133092,0,0.06934106,0
3985-HOYPM,0,0.08990577457473223,0,0.07063381,0
8378-LKJAF,0,0.7206286266864016,1,0.60585773,1
1310-QRITU,0,0.684415815336542,1,0.5983799,1
3237-AJGEH,1,0.6370364230514444,1,0.510177,1
6542-LWGXJ,0,0.7179693406152617,1,0.55248374,1
6953-PBDIN,0,0.028994670351678884,0,0.045244277,0
6332-FBZRI,0,0.03033661532806501,0,0.05920465,0
9365-CSLBQ,0,0.005749255336597419,0,0.028305246,0
3466-WAESX,0,0.5648765139693684,1,0.41251475,0
9700-ISPUP,0,0.5361853512814666,1,0.4435083,0
5167-ZFFMM,1,0.8537994683003248,1,0.85167867,1
7669-LCRSD,0,0.5540116324280661,1,0.42142937,0
0870-VEMYL,1,0.3407017657017518,0,0.3393062,0
2995-UPRYS,1,0.4197353657406363,0,0.34931394,0
3179-GBRWV,0,0.4327910999224177,0,0.36986363,0
0701-TJSEF,0,0.4669776880583105,0,0.3552971,0
1848-LBZHY,0,0.5183428423813444,1,0.43985456,0
5380-XPJNZ,0,0.049030190277545974,0,0.07130825,0
6608-QQLVK,1,0.737036189963999,1,0.81018764,1
1475-VWVDO,0,0.830681434329526,1,0.82647264,1
3721-CNEYS,1,0.8588972564531813,1,0.84572536,1
4299-OPXEJ,0,0.015955743965979517,0,0.050698318,0
0096-BXERS,0,0.6960640924154484,1,0.5736328,1
3055-VTCGS,0,0.07319068320748752,0,0.1291695,0
9405-GPBBG,0,0.20628888228985678,0,0.23855338,0
6704-UTUKK,0,0.7414792012981138,1,0.5908548,1
9944-AEXBM,0,0.7597250301974807,1,0.6248797,1
2545-EBUPK,0,0.9269725737320859,1,0.8710492,1
6270-OMFIW,1,0.463834483464912,0,0.44204453,0
1852-XEMDW,0,0.2973638710508602,0,0.21262898,0
8158-WPEZG,0,0.6512536314191009,1,0.52498966,1
5198-EFNBM,0,0.3685671452720433,0,0.30153877,0
7663-RGWBC,1,0.7101757231863322,1,0.74507374,1
3970-XGJDU,0,0.011800279442442578,0,0.046300616,0
6845-RGTYS,1,0.6199434857430314,1,0.57025254,1
0123-CRBRT,0,0.03303306159445722,0,0.03883045,0
6077-BDPXA,0,0.8600872664646084,1,0.84500974,1
2250-IVBWA,0,0.1900801211832758,0,0.25115263,0
6137-NICCO,0,0.7813621308400226,1,0.7896029,1
8129-GMVGI,0,0.008130404629115707,0,0.029676251,0
4353-HYOJD,0,0.24443800717797698,0,0.19664598,0
8671-KKKOS,0,0.2563525472883136,0,0.3308938,0
8080-DDEMJ,1,0.6865437699756965,1,0.7497356,1
6698-OXETB,0,0.08881422346276084,0,0.05790717,0
3312-UUMZW,0,0.7918827572882358,1,0.63302416,1
6376-GAHQE,1,0.8395970604359909,1,0.7678931,1
0733-VUNUW,1,0.42750891989554884,0,0.31821403,0
6733-LRIZX,0,0.38460666446088565,0,0.37402016,0
2165-VOEGB,1,0.21137311075655418,0,0.2505633,0
1853-UDXBW,1,0.8323162496285663,1,0.86131996,1
9070-BCKQP,0,0.1519400437777157,0,0.1176729,0
1035-IPQPU,0,0.7427630712326176,1,0.70904505,1
2057-ZBLPD,1,0.8637498837160538,1,0.7986788,1
6967-PEJLL,0,0.13017534541713638,0,0.11549305,0
7879-CGSFV,0,0.30995179539079876,0,0.3062757,0
2257-BOVXD,0,0.5686152589080778,1,0.40333402,0
9822-BIIGN,0,0.16002317906291752,0,0.19922756,0
1136-XGEQU,0,0.14759045801397128,0,0.17462108,0
2439-LYPMQ,0,0.8447419238594924,1,0.7375078,1
6543-XRMYR,1,0.8545500593555212,1,0.7449254,1
5753-QQWPW,0,0.14463291593717834,0,0.116309114,0
4785-QRJHC,1,0.21102557489507165,0,0.23473878,0
0052-YNYOT,0,0.017098277780200066,0,0.08390849,0
7054-LGEQW,1,0.5891027313032565,1,0.6794437,1
0608-JDVEC,0,0.02096832478304621,0,0.06542823,0
6284-KMNUF,0,0.5222624773547371,1,0.3915873,0
6286-SUUWT,0,0.42507464449745597,0,0.58898306,1
3594-KADLU,0,0.5054307516303099,1,0.36807838,0
0536-ACXIP,0,0.2699068999729487,0,0.11716135,0
8869-TORSS,1,0.058327773067296806,0,0.08296648,0
0373-AIVNJ,0,0.2765649975884581,0,0.14102954,0
6429-SHBCB,0,0.645638998004464,1,0.3500511,0
5751-USDBL,0,0.035795048969435264,0,0.036551405,0
6815-ABQFQ,0,0.47094284204602516,0,0.49465775,0
9450-TRJUU,0,0.7362741565987899,1,0.60862494,1
2805-AUFQN,0,0.044625590951399244,0,0.04452872,0
7855-DIWPO,0,0.7909747296512808,1,0.75888467,1
0174-QRVVY,0,0.005451163147021383,0,0.027295282,0
9507-EXLTT,1,0.8479573472709522,1,0.85510874,1
8390-FESFV,0,0.051212180369623286,0,0.06111805,0
0661-KBKPA,0,0.161640561710582,0,0.18334636,0
6856-RAURS,0,0.8600202777489285,1,0.8194281,1
7322-OCWHC,0,0.06944272635825936,0,0.04008334,0
2203-GHNWN,0,0.7504386982298948,1,0.61466813,1
3413-CSSTH,0,0.3543817354315185,0,0.35387927,0
3006-XIMLN,1,0.8739444056770319,1,0.81107646,1
3750-CKVKH,1,0.8793811396890786,1,0.8448989,1
0576-WNXXC,1,0.8156014171030581,1,0.73332995,1
7056-IMHCC,1,0.7734342640890989,1,0.73309743,1
0866-QLSIR,1,0.12022793082459728,0,0.07871595,0
1628-BIZYP,0,0.874547276031267,1,0.87918425,1
2230-XTUWL,0,0.012123008366601557,0,0.034952935,0
1980-KXVPM,1,0.8532464251115549,1,0.8176525,1
8619-IJNDK,0,0.005985350645235276,0,0.018473865,0
2960-NKRSO,0,0.6066737092718743,1,0.6218273,1
6705-LXORM,0,0.7995311225846422,1,0.759762,1
7130-VTEWQ,1,0.8766401003382134,1,0.8486759,1
9364-YKUVW,0,0.3681173213870377,0,0.33172598,0
2761-OCIAX,1,0.8445252579415355,1,0.83431804,1
7996-BPXHY,0,0.11537295542217972,0,0.06222845,0
4248-QPAVC,1,0.6895014074268054,1,0.58671796,1
9357-UJRUN,0,0.2637710696197601,0,0.14250362,0
6340-DACFT,0,0.010085059027118964,0,0.030342216,0
1023-BQXZE,0,0.07185503679100681,0,0.066662066,0
5480-HPRRX,1,0.7808448823156445,1,0.6540968,1
9576-SYUHJ,0,0.7032285442422918,1,0.5990668,1
2169-RRLFW,0,0.0074300776782023755,0,0.03502082,0
8338-QIUNR,0,0.013949320741148007,0,0.028457766,0
0463-TXOAK,0,0.012620961788712973,0,0.03548931,0
4396-KLSEH,0,0.57695527340738,1,0.49001992,0
5186-EJEGL,0,0.44000136900196657,0,0.35251218,0
9334-GWGOW,0,0.885958899991241,1,0.84958225,1
5696-JVVQY,0,0.04079861153799522,0,0.05666916,0
9633-DENPU,0,0.29385330574571733,0,0.34399754,0
0581-BXBUB,0,0.7882047797137607,1,0.7410989,1
2750-BJLSB,0,0.38280803751000697,0,0.38515252,0
2770-NSVDG,0,0.5591293961740574,1,0.4440193,0
8280-MQRQN,1,0.6697052769462819,1,0.7438838,1
7851-FLGGQ,1,0.7446586754982125,1,0.62930715,1
9374-YOLBJ,0,0.4433992338444497,0,0.5254784,1
6583-SZVGP,0,0.3063317732659891,0,0.3558002,0
2150-OEGBV,0,0.07820347960280467,0,0.07296266,0
9372-TXXPS,0,0.011651630640098243,0,0.026559474,0
6933-FHBZC,0,0.21501601045708324,0,0.12015183,0
4698-KVLLG,0,0.01367130171178024,0,0.050148886,0
8752-STIVR,1,0.8829229531812686,1,0.8529785,1
8623-ULFNQ,0,0.6044540454356997,1,0.46151218,0
9822-WMWVG,0,0.5301707739816154,1,0.5017929,1
4304-TSPVK,0,0.10325018332316149,0,0.1438184,0
1716-LSAMB,0,0.018491216683311704,0,0.031936403,0
3523-QRQLL,1,0.30905118342009386,0,0.23401465,0
2187-PKZAY,0,0.8170326139163837,1,0.73633933,1
1895-QTKDO,0,0.5984521691849326,1,0.66017115,1
8161-QYMTT,0,0.9267819067062378,1,0.8653245,1
2955-PSXOE,1,0.5116461319697082,1,0.66106915,1
6834-NXDCA,1,0.7784917574739247,1,0.629535,1
8701-DGLVH,0,0.013731124869715105,0,0.040108692,0
2480-SQIOB,0,0.5832114360026982,1,0.5244077,1
4993-JCRGJ,0,0.6610377178066261,1,0.4977176,0
0581-MDMPW,0,0.7768553648214535,1,0.64083225,1
7789-CRUVC,0,0.305795501309155,0,0.3017937,0
0164-APGRB,0,0.2033114652835204,0,0.08478693,0
8034-RYTVV,0,0.2439457785748048,0,0.14475824,0
3018-TFTSU,1,0.5062199177170636,1,0.49821404,0
9777-IQHWP,0,0.09148762404140379,0,0.092026405,0
6899-PPEEA,1,0.847858571584081,1,0.755557,1
6701-YVNQG,0,0.04305442665312551,0,0.04009756,0
7649-PHJVR,0,0.1693552554111571,0,0.0950188,0
9278-VZKCD,0,0.708036854530321,1,0.60460716,1
7636-PEPNS,0,0.06905640958405794,0,0.08144918,0
1575-KRZZE,0,0.4752540608186662,0,0.45211682,0
8590-OHDIW,0,0.03734333127466058,0,0.05845533,0
7764-BDPEE,0,0.31757022325758877,0,0.31708273,0
9480-BQJEI,0,0.2957536937945873,0,0.22737943,0
3354-OADJP,0,0.16675268431418958,0,0.12075373,0
3181-MIZBN,0,0.27119609746884143,0,0.25208178,0
9327-QSDED,0,0.5518823222697868,1,0.42237493,0
4892-VLANZ,1,0.4272097835429966,0,0.58729994,1
0298-XACET,0,0.03082797898042598,0,0.03937199,0
6917-FIJHC,0,0.01097973795749683,0,0.043162417,0
6557-BZXLQ,0,0.7347961071430362,1,0.66426015,1
2432-TFSMK,0,0.6383296131241027,1,0.34549683,0
4211-MMAZN,1,0.4208128171013734,0,0.59243375,1
4751-ERMAN,0,0.04186889656944712,0,0.050167218,0
8430-TWCBX,0,0.027853941885615935,0,0.06549176,0
1942-OQFRW,0,0.6900685901012269,1,0.7384693,1
4075-JFPGR,0,0.31129576708983997,0,0.23609537,0
3339-EAQNV,0,0.4327371473659802,0,0.30798873,0
5329-KRDTM,0,0.021907299569551047,0,0.04348336,0
0307-BCOPK,0,0.14096990685440647,0,0.074018426,0
6473-ULUHT,0,0.4073538023875487,0,0.25949043,0
1194-SPVSP,0,0.4127519783565354,0,0.58114815,1
7249-WBIYX,1,0.8865864107016392,1,0.85633284,1
2293-IJWPS,0,0.5153308601316815,1,0.43959138,0
4377-VDHYI,0,0.3856199536192156,0,0.27541986,0
0019-EFAEP,0,0.11009007311682709,0,0.06462378,0
2480-EJWYP,0,0.48452189835459114,0,0.39857012,0
8970-ANWXO,0,0.4280903015842737,0,0.2420625,0
8739-WWKDU,1,0.8210845336452257,1,0.76050174,1
2171-UDMFD,0,0.15322244843602606,0,0.22795509,0
7036-TYDEC,0,0.2088613561884387,0,0.29116678,0
3831-YCPUO,0,0.07434900672447448,0,0.0511141,0
0121-SNYRK,0,0.07769420188681375,0,0.08324216,0
3325-FUYCG,1,0.4209674920926343,0,0.31508914,0
1952-DVVSW,0,0.17314341185674853,0,0.0989173,0
3571-DPYUH,0,0.2184133845680199,0,0.17070526,0
2077-MPJQO,0,0.8842540259335279,1,0.84958225,1
2391-SOORI,1,0.4701992410330461,0,0.41051975,0
4086-ATNFV,0,0.08836324898419426,0,0.07825044,0
3396-DKDEL,0,0.11436769540908544,0,0.11304775,0
7471-MQPOS,0,0.06766043404718579,0,0.114353344,0
7181-OQCUT,0,0.7148499274478534,1,0.48998272,0
3489-VSFRD,0,0.0434373198475189,0,0.07393621,0
6283-GITPX,0,0.012382340972222355,0,0.024373008,0
2845-HSJCY,1,0.8670759752537777,1,0.7871125,1
7216-KAOID,0,0.03166364192333472,0,0.058378216,0
6680-WKXRZ,1,0.7885226129426008,1,0.7250328,1
2346-LOCWC,0,0.006789766728113571,0,0.02856881,0
0769-MURVM,0,0.014957845554378109,0,0.029433366,0
3374-LXDEV,1,0.6592068910854537,1,0.61195916,1
5318-YKDPV,0,0.05971661581747971,0,0.04600155,0
8190-ZTQFB,0,0.4108994078944512,0,0.36914334,0
4512-ZUIYL,1,0.7389782252696694,1,0.7052693,1
3090-QFUVD,0,0.40131239118322004,0,0.56407684,1
4806-KEXQR,1,0.8911922643606118,1,0.8502368,1
2369-FEVNO,0,0.5329875710300933,1,0.66056484,1
9637-CDTKZ,0,0.13761110492645076,0,0.066041194,0
2954-PIBKO,0,0.015746254865671612,0,0.033487674,0
2212-LYASK,0,0.2840644661940582,0,0.2016199,0
9481-SFCQY,0,0.5111001147125988,1,0.4015055,0
2828-SLQPF,0,0.5128382120269048,1,0.42156357,0
4647-MUZON,0,0.7999860449479845,1,0.68117225,1
8212-DJRCH,0,0.6994809053620089,1,0.66723764,1
0516-OOHAR,0,0.35472490637716636,0,0.29865316,0
4973-RLZVI,0,0.07901986443595138,0,0.082099766,0
8089-UZWLX,0,0.17891172996244867,0,0.17489572,0
9732-KPKBW,1,0.580195598911498,1,0.5921442,1
9715-WZCLW,0,0.2383475561128449,0,0.122882135,0
0257-KXZGU,0,0.22519636392794068,0,0.21351548,0
0707-HOVVN,0,0.038452926601316495,0,0.0650669,0
5501-TVMGM,0,0.8096261064971173,1,0.8169821,1
3422-LYEPQ,1,0.8240346525106829,1,0.86131996,1
2277-VWCNI,0,0.665877304349887,1,0.5263038,1
5461-QKNTN,0,0.6668138141014418,1,0.62461245,1
3967-KXAPS,0,0.02638468120123582,0,0.035150982,0
6919-ELBGL,0,0.1085576878148563,0,0.053303707,0
8361-LTMKD,1,0.8650037169303566,1,0.8151647,1
1131-ALZWV,0,0.12094851421258143,0,0.08201396,0
5178-LMXOP,1,0.9360051468789216,1,0.89784604,1
8992-CEUEN,0,0.5221682245591578,1,0.5628458,1
3320-VEOYC,0,0.9086129047337974,1,0.8328199,1
3672-YITQD,1,0.8319408374714763,1,0.7341978,1
6080-TCMYC,0,0.6414836964079583,1,0.66495484,1
6734-FQAJX,0,0.1626414787209204,0,0.15255056,0
1063-DHQJF,0,0.07109742062107323,0,0.060738366,0
3976-NLDEZ,0,0.41585560280008715,0,0.59537154,1
1729-VLAZJ,0,0.15710782649747101,0,0.09594743,0
3400-ESFUW,1,0.011155576320600422,0,0.022816282,0
5271-YNWVR,1,0.1761866269513397,0,0.15898053,0
1587-FKLZB,1,0.6161068092627482,1,0.55100024,1
0958-YHXGP,0,0.7991987059936246,1,0.7601426,1
1494-EJZDW,0,0.0721108963137959,0,0.048296217,0
1816-FLZDK,0,0.650537405662923,1,0.56951857,1
2075-PUEPR,0,0.008530047814833651,0,0.030344646,0
1833-TCXKK,0,0.6997734529171564,1,0.62930167,1
1436-ZMJAN,0,0.7202260700802778,1,0.54219085,1
0106-UGRDO,0,0.20658173785500322,0,0.18147159,0
1069-XAIEM,1,0.924497668384715,1,0.8948788,1
4213-HKBJO,0,0.040345938358057575,0,0.053130426,0
8345-MVDYC,0,0.042081874350095146,0,0.045463882,0
2672-OJQZP,0,0.605898982650031,1,0.67594653,1
5136-RGMZO,0,0.47386813794014193,0,0.4291338,0
5774-QPLTF,0,0.03162863985750627,0,0.06872672,0
5240-CAOYT,0,0.3160458479911792,0,0.29042888,0
3707-GNWHM,1,0.8686051484200269,1,0.8583556,1
5159-YFPKQ,1,0.8464427520161637,1,0.8459013,1
5052-PNLOS,1,0.8593637863093578,1,0.82811123,1
6173-GOLSU,0,0.645163293440802,1,0.61025614,1
6661-HBGWL,1,0.7376693397515184,1,0.6374981,1
8207-VVMYB,0,0.012322002305279876,0,0.050824676,0
5324-KTGCG,0,0.014689184297870327,0,0.07856239,0
7354-OIJLX,0,0.868826963951349,1,0.8435412,1
9286-BHDQG,0,0.006203158627364995,0,0.024148228,0
3567-PQTSO,0,0.5067115039391948,1,0.4834091,0
3197-ARFOY,0,0.6303391166368365,1,0.52838403,1
5698-BQJOH,1,0.883869191317307,1,0.77191,1
1090-ESELR,0,0.04902743219019609,0,0.03913133,0
0056-EPFBG,0,0.09686695870809954,0,0.055215627,0
4955-VCWBI,0,0.029728750365262416,0,0.057826325,0
4717-GHADL,0,0.11647701219343863,0,0.07082894,0
0058-EVZWM,0,0.522077437724333,1,0.44575202,0
7218-HKQFK,1,0.8748147047784938,1,0.7937822,1
5057-RKGLH,0,0.07440768158885443,0,0.04908362,0
2309-OSFEU,1,0.7990389498087698,1,0.5740973,1
3429-IFLEM,0,0.01083016456037331,0,0.02815527,0
1550-LOAHA,1,0.570581395012565,1,0.44755337,0
1400-MMYXY,1,0.9041523621251822,1,0.86694354,1
7503-QQRVF,1,0.7082479604489079,1,0.66257286,1
7504-UWHNB,0,0.6661757897058304,1,0.59334135,1
9565-JSNFM,1,0.3589150771376595,0,0.21097879,0
4735-BJKOU,0,0.023497285491794775,0,0.043326292,0
3580-GICBM,0,0.014644939631927424,0,0.04092556,0
7632-YUTXB,0,0.06963615690796374,0,0.059518352,0
9412-ARGBX,1,0.11410130763880831,0,0.07772745,0
9576-ANLXO,1,0.8123626640607088,1,0.7950856,1
1110-KYLGQ,0,0.4479714543958902,0,0.38188353,0
8696-JKZNU,1,0.7416453765346249,1,0.7136923,1
8757-TFHHJ,0,0.5756510450927755,1,0.65506613,1
2955-BJZHG,1,0.6954544934763661,1,0.62122893,1
9048-JVYVF,1,0.7602754423714209,1,0.65201044,1
0682-USIXD,0,0.7380921361369499,1,0.69829035,1
3884-UEBXB,0,0.010777213096336509,0,0.033893358,0
1776-SPBWV,0,0.06440892043498787,0,0.07806102,0
9050-QLROH,1,0.8101082683588904,1,0.6922847,1
2925-VDZHY,0,0.022286115838517417,0,0.02896142,0
9512-UIBFX,1,0.685118820540167,1,0.52226955,1
8676-TRMJS,1,0.7936141479561948,1,0.72432554,1
3334-CTHOL,1,0.7423714839567914,1,0.74446374,1
6331-LWDTQ,1,0.7514958374925336,1,0.57696724,1
3847-BAERP,0,0.4135748542800868,0,0.36006904,0
4709-LKHYG,0,0.07750484924061096,0,0.079055004,0
8621-MNIHH,1,0.8030286119765566,1,0.71191365,1
8884-ADFVN,1,0.9108420183065127,1,0.8672571,1
2885-HIJDH,0,0.025350419806226435,0,0.046761356,0
8570-KLJYJ,0,0.12815315329023558,0,0.06938565,0
9339-FIIJL,0,0.038215784172906005,0,0.04370421,0
6223-DHJGV,0,0.06302535705713512,0,0.09586104,0
0959-WHOKV,0,0.48808587737364234,0,0.34103805,0
9610-WCESF,0,0.02867677250911278,0,0.06865393,0
9279-CJEOJ,0,0.8545219702052271,1,0.7226804,1
2985-FMWYF,0,0.902099343878239,1,0.7950658,1
3540-RZJYU,1,0.6656885154869996,1,0.5791165,1
2522-WLNSF,0,0.12822560953396495,0,0.10122413,0
6861-XWTWQ,1,0.9220524497734943,1,0.8672571,1
8735-NBLWT,0,0.2631768680755915,0,0.22530846,0
1744-JHKYS,0,0.22463134679612312,0,0.30575344,0
0841-NULXI,1,0.8830533710754617,1,0.8199591,1
4016-BJKTZ,0,0.3761932566809099,0,0.29090208,0
9298-WGMRW,0,0.13769084372531157,0,0.06812542,0
7893-IXHRQ,1,0.4974447241424448,0,0.6310249,1
8785-CJSHH,0,0.7423231498319206,1,0.71040136,1
7654-YWJUF,0,0.18381226830525094,0,0.121811695,0
8909-BOLNL,0,0.21330554607605515,0,0.15512715,0
9919-FZDED,0,0.06044944186545309,0,0.06371501,0
0322-CHQRU,1,0.6639585646574996,1,0.64951223,1
3587-PMCOY,0,0.690829505786293,1,0.5565711,1
0655-RBDUG,1,0.8902612906122415,1,0.8149317,1
0983-TATYJ,0,0.15506160353001305,0,0.098708116,0
5650-YLIBA,0,0.7379180955641048,1,0.69999033,1
5144-TVGLP,0,0.7958228700762628,1,0.6468412,1
3569-EDBPQ,0,0.6522533044380701,1,0.57186586,1
4945-RVMTE,0,0.4688470532800214,0,0.36232793,0
3511-BFTJW,0,0.009388280328077085,0,0.03101007,0
5537-UXXVS,0,0.22419251081491418,0,0.19973701,0
8782-NUUOL,0,0.06535135535994738,0,0.1191379,0
2865-TCHJW,1,0.9029108710982041,1,0.870611,1
9931-KGHOA,0,0.17783086630147507,0,0.19258286,0
3071-MVJCD,0,0.011103628538698443,0,0.023979422,0
7279-BUYWN,1,0.7155644743592635,1,0.60899186,1
3756-VNWDH,0,0.4831970314074743,0,0.41321898,0
1395-OFUWC,0,0.1833058092709666,0,0.22313026,0
4223-BKEOR,0,0.1529299799932197,0,0.12082784,0
0040-HALCW,0,0.00822995862721719,0,0.028336797,0
7124-UGSUR,1,0.4649373236420983,0,0.4224169,0
7395-XWZOY,0,0.39303216147610565,0,0.3133446,0
5440-VHLUL,0,0.333689299564254,0,0.40129516,0
4706-DGAHW,0,0.6852897844241359,1,0.7497356,1
8166-ORCHU,0,0.38817914538465415,0,0.2805309,0
3978-YNKDD,0,0.04268871559334373,0,0.03589272,0
7198-GLXTC,1,0.8386165401076663,1,0.77036786,1
6366-XIVKZ,0,0.48563751527484905,0,0.33373517,0
5133-POWUA,0,0.6900163500100405,1,0.74810296,1
8400-WZICQ,0,0.09170922150186897,0,0.17991224,0
5382-SOYZL,0,0.8932612717871684,1,0.81319743,1
1989-PRJHP,1,0.7964454430005377,1,0.7251692,1
4154-AQUGT,1,0.71550290227789,1,0.6315688,1
0980-FEXWF,0,0.1393354177013373,0,0.07443409,0
5845-BZZIB,0,0.02210412323272479,0,0.035565034,0
4840-ORQXB,0,0.6716345396079909,1,0.60889965,1
0295-PPHDO,1,0.930505270936387,1,0.8969266,1
8775-ERLNB,0,0.8640345073665279,1,0.83832103,1
0376-YMCJC,1,0.7767878255969317,1,0.7063587,1
7410-YTJIK,1,0.7663270592251791,1,0.6771654,1
9927-DSWDF,0,0.6785450408478961,1,0.6156932,1
6681-ZSEXG,0,0.04048236832131338,0,0.049211852,0
5702-KVQRD,0,0.04520944033393945,0,0.06507863,0
8711-LOBKY,0,0.007203423595205364,0,0.02939101,0
9692-TUSXH,1,0.8022909796737981,1,0.72049075,1
4012-YCFAI,0,0.019117680205150644,0,0.027899832,0
8455-HIRAQ,0,0.5415396365710745,1,0.41821915,0
7853-WNZSY,0,0.5158001079566178,1,0.6353433,1
0390-DCFDQ,1,0.8334191194004991,1,0.85160786,1
6421-SZVEM,0,0.3891768335530409,0,0.256136,0
3094-JOJAI,0,0.7210928947884437,1,0.5209169,1
4873-ILOLJ,1,0.851823867901193,1,0.76732343,1
8181-YHCMF,0,0.025927239550653812,0,0.04036223,0
3324-OIRTO,0,0.17872157197436012,0,0.19697358,0
9135-HSWOC,0,0.008146424370302411,0,0.03375138,0
2272-WUSPA,0,0.231698429737547,0,0.12190312,0
4627-MIHJH,0,0.10934747413452599,0,0.27552685,0
3896-RCYYE,0,0.24114246539154094,0,0.33873394,0
6729-GDNGC,0,0.6645565277027919,1,0.5286511,1
9945-PSVIP,0,0.05662970906916787,0,0.043266654,0
4137-JOPHL,0,0.1679438880716864,0,0.09775865,0
2720-FVBQP,0,0.6481503054249392,1,0.5248731,1
7854-EKTJL,1,0.5282716476741044,1,0.4555537,0
1133-KXCGE,0,0.12422514607033355,0,0.075159214,0
6048-QBXKL,0,0.6739590628772966,1,0.67388946,1
6338-AVWCY,1,0.8014092197387511,1,0.66796184,1
0013-MHZWF,0,0.5561780123963185,1,0.39156213,0
9804-ICWBG,1,0.8699796982726836,1,0.8839456,1
2368-GAKKQ,0,0.147168384605193,0,0.13698606,0
4829-AUOAX,1,0.6551747287657074,1,0.52081007,1
7876-BEUTG,0,0.6543636122417658,1,0.477912,0
6349-JDHQP,0,0.01183484833031224,0,0.039966542,0
3063-QFSZL,1,0.8082767309388071,1,0.8169821,1
9142-XMYJH,0,0.1544327962801802,0,0.19783,0
2609-IAICY,1,0.8855995003110623,1,0.8916713,1
8626-PTQGE,0,0.03649768672043745,0,0.052725963,0
0230-UBYPQ,0,0.029727726695796573,0,0.07211827,0
6814-ZPWFQ,0,0.037829910987613194,0,0.07903952,0
5921-NGYRH,0,0.3182567786512014,0,0.32063562,0
7803-XOCCZ,0,0.2307505658150922,0,0.2618024,0
1459-QNFQT,0,0.01979317584027993,0,0.039028946,0
3948-FVVRP,0,0.29833836445584194,0,0.2700276,0
0923-PNFUB,1,0.8017749170520092,1,0.75192106,1
4654-ULTTN,0,0.036014745530054425,0,0.05248449,0
5628-FCGYG,0,0.8747797379850194,1,0.7990299,1
0506-LVNGN,1,0.7791056878230526,1,0.78898513,1
4329-YPDDQ,0,0.6025944445378371,1,0.5156625,1
9866-OCCKE,0,0.181213695167072,0,0.118779965,0
0794-YVSGE,0,0.0034418797363507335,0,0.023224324,0
4342-HENTK,1,0.8667747894448151,1,0.8470724,1
5934-TSSAU,0,0.5936752302484584,1,0.54976434,1
9986-BONCE,1,0.36058920476797035,0,0.34069014,0
5301-GAUUY,1,0.6497138663380075,1,0.56332016,1
0725-CXOTM,0,0.18118206265400644,0,0.18843728,0
2843-CQMEG,0,0.43330806379509995,0,0.36540607,0
5600-PDUJF,0,0.5429842480710249,1,0.4745257,0
4500-HKANN,0,0.0722516946942889,0,0.040455125,0
1862-QRWPE,0,0.011241011640573572,0,0.034930915,0
2155-AMQRX,0,0.4004007773659977,0,0.2903719,0
0823-HSCDJ,1,0.5163046519030372,1,0.5795134,1
4090-KPJIP,0,0.8917485323831631,1,0.8620702,1
2737-YNGYW,1,0.845368333393528,1,0.76439273,1
5619-XZZKR,0,0.2172332371127792,0,0.1307627,0
6047-YHPVI,1,0.8546696068667503,1,0.84294325,1
8375-DKEBR,1,0.8771635462454264,1,0.8850042,1
7729-XBTWX,0,0.007967806136060808,0,0.033172365,0
4983-CLMLV,0,0.6241732417107789,1,0.55155903,1
9227-LUNBG,1,0.7952819841513158,1,0.73804635,1
2758-RNWXS,0,0.40985765663185564,0,0.2751285,0
7055-HNEOJ,0,0.5481744654039248,1,0.5339855,1
7134-MJPDY,0,0.4122845774727202,0,0.4179446,0
4560-WQAQW,0,0.06549660927235226,0,0.10614216,0
8532-UEFWH,0,0.013832724151766111,0,0.03642045,0
8541-QVFKM,0,0.8862966982010815,1,0.8455612,1
7129-ACFOG,0,0.7105406995738451,1,0.6093634,1
2495-INZWQ,1,0.8925109527784193,1,0.7372946,1
0263-FJTQO,0,0.04139748813149416,0,0.043730926,0
0181-RITDD,0,0.07062033221362683,0,0.12116965,0
8241-JUIQO,0,0.0170660721466785,0,0.060966473,0
0913-XWSCN,0,0.4574481460901223,0,0.40026653,0
2159-TURXX,0,0.3585701657656909,0,0.3150962,0
6461-PPAXN,0,0.07406261761413747,0,0.07081757,0
1452-KIOVK,0,0.7042745533647221,1,0.61393476,1
1139-WUOAH,0,0.06307797394928838,0,0.06263111,0
3207-OYBWH,1,0.5980297378004279,1,0.55551326,1
8347-GDTMP,0,0.007170673123436996,0,0.03553843,0
9909-DFRJA,0,0.32617583378214543,0,0.26096725,0
6383-ZTSIW,0,0.3281573110415686,0,0.2441017,0
5438-QMDDL,0,0.5693079637760502,1,0.42890793,0
8914-RBTSB,1,0.7162418519188538,1,0.59000164,1
6164-HXUGH,0,0.3031162882216744,0,0.24483614,0
6900-RBKER,0,0.28795394334852453,0,0.17103569,0
1492-QGCLU,0,0.21506515046346728,0,0.22880605,0
6664-FPDAC,1,0.48439011359458106,0,0.49063832,0
1088-AUUZZ,0,0.03361531389097479,0,0.03770691,0
6651-AZVTJ,1,0.7540086240681726,1,0.71191186,1
8219-VYBVI,0,0.025658924772231133,0,0.041989993,0
0310-MVLET,1,0.6760428396311124,1,0.6353494,1
7233-IOQNP,0,0.15011169655222178,0,0.18239336,0
7311-MQJCH,0,0.27353467423728595,0,0.13435166,0
9256-JTBNZ,0,0.2955181780341047,0,0.2617716,0
8713-IGZSO,0,0.4843694865358318,0,0.41295487,0
6821-BUXUX,1,0.773330540501947,1,0.7371219,1
9114-DPSIA,0,0.013185093013866576,0,0.025838383,0
4501-UYKBC,0,0.1983386464774045,0,0.19242229,0
2798-NYLMZ,0,0.16026186511435758,0,0.205911,0
6711-VTNRE,1,0.6927867691980703,1,0.61899465,1
5966-EMAZU,0,0.3229448713220564,0,0.32500407,0
3627-FHKBK,1,0.6556130637099707,1,0.68142664,1
7861-UVUFT,1,0.8356142773767009,1,0.79634625,1
9824-QCJPK,0,0.05545154506754206,0,0.06872902,0
7816-VGHTO,0,0.1365877829980554,0,0.078835994,0
3794-NFNCH,0,0.40484734236617664,0,0.3261952,0
3877-JRJIP,1,0.8346831706772412,1,0.8116854,1
5228-EXCET,1,0.8547233431881601,1,0.80616134,1
6248-BSHKG,0,0.012502328795536557,0,0.045968674,0
8915-NNTRC,0,0.11868251375347316,0,0.05834156,0
3470-OBUET,0,0.014481043261586671,0,0.03311002,0
3229-USWAR,0,0.16953335444918935,0,0.1728419,0
1927-QEWMY,0,0.004755264976694224,0,0.029526504,0
6374-AFWOX,0,0.01976781615891861,0,0.029857764,0
7912-SYRQT,1,0.8312613327181857,1,0.78736776,1
2070-FNEXE,1,0.5898850278621367,1,0.559764,1
5803-NQJZO,0,0.018620668776344527,0,0.027895216,0
5651-YLPRD,0,0.6454080031030531,1,0.64161694,1
1271-UODNO,0,0.09611705353214496,0,0.06174109,0
5014-WUQMG,0,0.2720710918213114,0,0.26531738,0
5889-JTMUL,1,0.7083604634512515,1,0.70441705,1
0788-DXBFY,0,0.03124290375476611,0,0.08853248,0
2669-QVCRG,0,0.5036084406736043,1,0.457767,0
6630-UJZMY,0,0.9175099822779765,1,0.87090325,1
5061-PBXFW,0,0.09058003319044965,0,0.12694436,0
2700-LUEVA,0,0.3950357657956908,0,0.56706965,1
3865-ZFZIB,0,0.06390019533180455,0,0.047328964,0
0471-ARVMX,0,0.4796947166243842,0,0.42277932,0
8985-OOPOS,0,0.3682511351613536,0,0.42466787,0
0719-SYFRB,1,0.4744966081034392,0,0.30743968,0
0447-BEMNG,1,0.3013525926013707,0,0.34303397,0
5630-AHZIL,0,0.44979067908534875,0,0.40004373,0
2190-BCXEC,0,0.563004928488816,1,0.4773626,0
1559-DTODC,0,0.6253462708908304,1,0.4532053,0
3244-DCJWY,1,0.8676578391870289,1,0.8839456,1
3967-VQOGC,0,0.010935325036715413,0,0.04066518,0
0265-PSUAE,0,0.5564889462950983,1,0.48211145,0
1622-HSHSF,0,0.5380549524114561,1,0.65732193,1
9867-XOBQA,0,0.07179800370522352,0,0.042366832,0
6773-LQTVT,0,0.39544994402453093,0,0.3402277,0
4332-MUOEZ,0,0.23109867567405423,0,0.24310617,0
0023-XUOPT,1,0.7889139638375098,1,0.7012484,1
6543-CPZMK,1,0.7032635111635283,1,0.5824773,1
6418-HNFED,0,0.05183632753895329,0,0.0479019,0
1036-GUDCL,0,0.12508875430923364,0,0.17883717,0
4818-QIUFN,1,0.7704617602492527,1,0.7066534,1
0778-NELLA,1,0.7652648906444544,1,0.58289623,1
7495-OOKFY,1,0.7938228271494324,1,0.77834153,1
4737-HOBAX,0,0.05792385864118257,0,0.06568939,0
7919-ZODZZ,0,0.3318566640627775,0,0.27013934,0
2988-PLAHS,0,0.6501807942248718,1,0.52452797,1
9067-SQTNS,0,0.0263670579035079,0,0.05787109,0
6483-OATDN,0,0.4146497349613306,0,0.38748547,0
5469-CTCWN,1,0.37598378395362486,0,0.32605308,0
3524-WQDSG,0,0.7050661964497679,1,0.615471,1
6968-URWQU,0,0.19108969446603175,0,0.13952541,0
8601-QACRS,1,0.717567132210232,1,0.61774087,1
8690-UPCZI,0,0.10642306389837139,0,0.07163336,0
5331-RGMTT,0,0.7273950897942649,1,0.6432317,1
1357-BIJKI,0,0.6239189163458052,1,0.515666,1
2088-IEBAU,0,0.07487596853268616,0,0.078225,0
0679-IDSTG,1,0.844668974523353,1,0.8604813,1
6519-ZHPXP,0,0.07596452757368467,0,0.060692314,0
2101-RANCD,0,0.6501535017250277,1,0.660483,1
4029-HPFVY,0,0.8159299805539226,1,0.79450744,1
1015-OWJKI,0,0.4379246783260027,0,0.51856285,1
8314-HTWVE,0,0.08343882600066477,0,0.04972663,0
5357-TZHPP,1,0.8706550816788382,1,0.7971304,1
8727-XDPUD,0,0.11458396992094415,0,0.071174085,0
9073-ZZIAY,0,0.025176346367488427,0,0.044250183,0
5181-OABFK,0,0.019471135037106433,0,0.03896465,0
3812-LRZIR,0,0.06432591439157702,0,0.0661855,0
5204-HMGYF,0,0.07630561983240998,0,0.12981892,0
9950-MTGYX,0,0.042454736033969626,0,0.042405233,0
3675-EQOZA,0,0.3525671151612555,0,0.33153832,0
3646-ITDGM,0,0.01024077035440258,0,0.040795866,0
3913-FCUUW,0,0.01317115078659674,0,0.024153631,0
